,Date,Monthly_MSL
0,1913-01-01,-0.179
1,1913-02-01,-0.111
2,1913-03-01,-0.166
3,1913-04-01,-0.13
4,1913-05-01,-0.151
5,1913-06-01,-0.121
6,1913-07-01,-0.16
7,1913-08-01,-0.116
8,1913-09-01,-0.174
9,1913-10-01,-0.207
10,1913-11-01,-0.218
11,1913-12-01,-0.169
12,1914-01-01,-0.163
13,1914-02-01,-0.19
14,1914-03-01,-0.23
15,1914-04-01,-0.191
16,1914-05-01,-0.087
17,1914-06-01,-0.133
18,1914-07-01,-0.196
19,1914-08-01,-0.113
20,1914-09-01,-0.134
21,1914-10-01,-0.25
22,1914-11-01,-0.212
23,1914-12-01,-0.123
24,1915-01-01,-0.115
25,1915-02-01,-0.114
26,1915-03-01,-0.132
27,1915-04-01,-0.166
28,1915-05-01,-0.208
29,1915-06-01,-0.176
30,1915-07-01,-0.175
31,1915-08-01,-0.183
32,1915-09-01,-0.174
33,1915-10-01,-0.21
34,1915-11-01,-0.191
35,1915-12-01,-0.199
36,1916-01-01,-0.173
37,1916-02-01,-0.129
38,1916-03-01,-0.205
39,1916-04-01,-0.178
40,1916-05-01,-0.132
41,1916-06-01,-0.2
42,1916-07-01,-0.135
43,1916-08-01,-0.162
44,1916-09-01,-0.162
45,1916-10-01,-0.113
46,1916-11-01,-0.13
47,1916-12-01,-0.16
48,1917-01-01,-0.206
49,1917-02-01,-0.169
50,1917-03-01,-0.038
51,1917-04-01,-0.075
52,1917-05-01,-0.138
53,1917-06-01,-0.17
54,1917-07-01,-0.202
55,1917-08-01,-0.238
56,1917-09-01,-0.134
57,1917-10-01,-0.106
58,1917-11-01,-0.075
59,1917-12-01,-0.093
60,1918-01-01,-0.151
61,1918-02-01,-0.214
62,1918-03-01,-0.15
63,1918-04-01,-0.096
64,1918-05-01,-0.138
65,1918-06-01,-0.164
66,1918-07-01,-0.163
67,1918-08-01,-0.171
68,1918-09-01,-0.192
69,1918-10-01,-0.25
70,1918-11-01,-0.178
71,1918-12-01,-0.123
72,1919-01-01,-0.173
73,1919-02-01,-0.196
74,1919-03-01,-0.144
75,1919-04-01,-0.191
76,1919-05-01,-0.19
77,1919-06-01,-0.148
78,1919-07-01,-0.144
79,1919-08-01,-0.174
80,1919-09-01,-0.147
81,1919-10-01,-0.164
82,1919-11-01,-0.151
83,1919-12-01,-0.157
84,1920-01-01,-0.218
85,1920-02-01,-0.144
86,1920-03-01,-0.294
87,1920-04-01,-0.206
88,1920-05-01,-0.19
89,1920-06-01,-0.145
90,1920-07-01,-0.156
91,1920-08-01,-0.192
92,1920-09-01,-0.183
93,1920-10-01,-0.204
94,1920-11-01,-0.194
95,1920-12-01,-0.163
96,1921-01-01,-0.157
97,1921-02-01,-0.157
98,1921-03-01,-0.15
99,1921-04-01,-0.117
100,1921-05-01,-0.132
101,1921-06-01,-0.084
102,1921-07-01,-0.15
103,1921-08-01,-0.174
104,1921-09-01,-0.138
105,1921-10-01,-0.134
106,1921-11-01,-0.215
107,1921-12-01,-0.163
108,1922-01-01,-0.182
109,1922-02-01,-0.117
110,1922-03-01,-0.126
111,1922-04-01,-0.16
112,1922-05-01,-0.154
113,1922-06-01,-0.142
114,1922-07-01,-0.129
115,1922-08-01,-0.15
116,1922-09-01,-0.147
117,1922-10-01,-0.183
118,1922-11-01,-0.209
119,1922-12-01,-0.221
120,1923-01-01,-0.173
121,1923-02-01,-0.172
122,1923-03-01,-0.129
123,1923-04-01,-0.127
124,1923-05-01,-0.105
125,1923-06-01,-0.155
126,1923-07-01,-0.193
127,1923-08-01,-0.235
128,1923-09-01,-0.211
129,1923-10-01,-0.222
130,1923-11-01,-0.224
131,1923-12-01,-0.242
132,1924-01-01,-0.179
133,1924-02-01,-0.144
134,1924-03-01,-0.147
135,1924-04-01,-0.245
136,1924-05-01,-0.227
137,1924-06-01,-0.179
138,1924-07-01,-0.129
139,1924-08-01,-0.125
140,1924-09-01,-0.153
141,1924-10-01,-0.167
142,1924-11-01,-0.172
143,1924-12-01,-0.278
144,1925-01-01,-0.194
145,1925-02-01,-0.132
146,1925-03-01,-0.166
147,1925-04-01,-0.242
148,1925-05-01,-0.154
149,1925-06-01,-0.179
150,1925-07-01,-0.178
151,1925-08-01,-0.144
152,1925-09-01,-0.174
153,1925-10-01,-0.225
154,1925-11-01,-0.133
155,1926-01-01,-0.209
156,1926-02-01,-0.26
157,1926-03-01,-0.251
158,1926-04-01,-0.197
159,1926-05-01,-0.202
160,1926-06-01,-0.185
161,1926-07-01,-0.184
162,1926-08-01,-0.128
163,1926-09-01,-0.138
164,1926-10-01,-0.152
165,1926-11-01,-0.194
166,1926-12-01,-0.187
167,1927-01-01,-0.148
168,1927-02-01,-0.126
169,1927-03-01,-0.126
170,1927-04-01,-0.139
171,1927-05-01,-0.172
172,1927-06-01,-0.157
173,1927-07-01,-0.193
174,1927-08-01,-0.153
175,1927-09-01,-0.22
176,1927-10-01,-0.192
177,1927-11-01,-0.142
178,1927-12-01,-0.126
179,1928-01-01,-0.188
180,1928-02-01,-0.26
181,1928-03-01,-0.199
182,1928-04-01,-0.221
183,1928-05-01,-0.172
184,1928-06-01,-0.151
185,1928-07-01,-0.144
186,1928-08-01,-0.138
187,1928-09-01,-0.165
188,1928-10-01,-0.183
189,1928-11-01,-0.16
190,1928-12-01,-0.117
191,1929-01-01,-0.194
192,1929-02-01,-0.102
193,1929-03-01,-0.16
194,1929-04-01,-0.121
195,1929-05-01,-0.16
196,1929-06-01,-0.148
197,1929-07-01,-0.102
198,1929-08-01,-0.153
199,1929-09-01,-0.177
200,1929-10-01,-0.262
201,1929-11-01,-0.221
202,1929-12-01,-0.153
203,1930-01-01,-0.093
204,1930-02-01,-0.083
205,1930-03-01,-0.129
206,1930-04-01,-0.13
207,1930-05-01,-0.147
208,1930-06-01,-0.166
209,1930-07-01,-0.163
210,1930-08-01,-0.126
211,1930-09-01,-0.213
212,1930-10-01,-0.182
213,1930-11-01,-0.215
214,1930-12-01,-0.19
215,1931-01-01,-0.23
216,1931-02-01,-0.178
217,1931-03-01,-0.126
218,1931-04-01,-0.151
219,1931-05-01,-0.263
220,1931-06-01,-0.212
221,1931-07-01,-0.193
222,1931-08-01,-0.229
223,1931-09-01,-0.201
224,1931-10-01,-0.24
225,1931-11-01,-0.194
226,1931-12-01,-0.156
227,1932-01-01,-0.13
228,1932-02-01,-0.156
229,1932-03-01,-0.172
230,1932-04-01,-0.163
231,1932-05-01,-0.16
232,1932-06-01,-0.163
233,1932-07-01,-0.153
234,1932-08-01,-0.144
235,1932-09-01,-0.153
236,1932-10-01,-0.207
237,1932-11-01,-0.142
238,1932-12-01,-0.062
239,1933-01-01,-0.115
240,1933-02-01,-0.135
241,1933-03-01,-0.178
242,1933-04-01,-0.105
243,1933-05-01,-0.105
244,1933-06-01,-0.084
245,1933-07-01,-0.12
246,1933-08-01,-0.098
247,1933-09-01,-0.122
248,1933-10-01,-0.067
249,1933-11-01,-0.114
250,1933-12-01,-0.187
251,1934-01-01,-0.148
252,1934-02-01,-0.199
253,1934-03-01,-0.178
254,1934-04-01,-0.151
255,1934-05-01,-0.196
256,1934-06-01,-0.169
257,1934-07-01,-0.178
258,1934-08-01,-0.196
259,1934-09-01,-0.146
260,1934-10-01,-0.146
261,1934-11-01,-0.166
262,1934-12-01,-0.12
263,1935-01-01,-0.075
264,1935-02-01,-0.144
265,1935-03-01,-0.126
266,1935-04-01,-0.096
267,1935-05-01,-0.172
268,1935-06-01,-0.157
269,1935-07-01,-0.138
270,1935-08-01,-0.125
271,1935-09-01,-0.202
272,1935-10-01,-0.103
273,1935-11-01,-0.111
274,1935-12-01,-0.141
275,1936-01-01,-0.124
276,1936-02-01,-0.089
277,1936-03-01,-0.153
278,1936-04-01,-0.166
279,1936-05-01,-0.056
280,1936-06-01,-0.054
281,1936-07-01,-0.102
282,1936-08-01,-0.134
283,1936-09-01,-0.116
284,1936-10-01,-0.094
285,1936-11-01,-0.124
286,1936-12-01,-0.053
287,1937-01-01,-0.063
288,1937-02-01,-0.001
289,1937-03-01,-0.123
290,1937-04-01,-0.099
291,1937-05-01,-0.053
292,1937-06-01,-0.136
293,1937-07-01,-0.074
294,1937-08-01,-0.058
295,1937-09-01,-0.098
296,1937-10-01,-0.094
297,1937-11-01,-0.127
298,1937-12-01,-0.123
299,1938-01-01,-0.124
300,1938-02-01,-0.114
301,1938-03-01,-0.144
302,1938-04-01,-0.117
303,1938-05-01,-0.12
304,1938-06-01,-0.127
305,1938-07-01,-0.156
306,1938-08-01,-0.11
307,1938-09-01,-0.174
308,1938-10-01,-0.146
309,1938-11-01,-0.09
310,1938-12-01,-0.117
311,1939-01-01,-0.118
312,1939-02-01,-0.114
313,1939-03-01,-0.114
314,1939-04-01,-0.124
315,1939-05-01,-0.117
316,1939-06-01,-0.13
317,1939-07-01,-0.132
318,1939-08-01,-0.122
319,1939-09-01,-0.134
320,1939-10-01,-0.076
321,1939-11-01,-0.099
322,1939-12-01,-0.138
323,1940-01-01,-0.169
324,1940-02-01,-0.172
325,1940-03-01,-0.166
326,1940-04-01,-0.197
327,1940-05-01,-0.151
328,1940-06-01,-0.161
329,1940-07-01,-0.144
330,1940-08-01,-0.092
331,1940-09-01,-0.104
332,1940-10-01,-0.11
333,1940-11-01,-0.191
334,1940-12-01,-0.123
335,1941-01-01,-0.072
336,1941-02-01,-0.068
337,1941-03-01,-0.169
338,1941-04-01,-0.12
339,1941-05-01,-0.114
340,1941-06-01,-0.164
341,1941-07-01,-0.178
342,1941-08-01,-0.171
343,1941-09-01,-0.107
344,1941-10-01,-0.198
345,1941-11-01,-0.145
346,1941-12-01,-0.117
347,1942-01-01,-0.112
348,1942-02-01,-0.086
349,1942-03-01,-0.135
350,1942-04-01,-0.081
351,1942-05-01,-0.111
352,1942-06-01,-0.075
353,1942-07-01,-0.056
354,1942-08-01,-0.11
355,1942-09-01,-0.098
356,1942-10-01,-0.049
357,1942-11-01,-0.041
358,1942-12-01,-0.123
359,1943-01-01,-0.133
360,1943-02-01,-0.12
361,1943-03-01,-0.053
362,1943-04-01,-0.053
363,1943-05-01,-0.083
364,1943-06-01,-0.081
365,1943-07-01,-0.15
366,1943-08-01,-0.107
367,1943-09-01,-0.04
368,1943-10-01,-0.049
369,1943-11-01,-0.139
370,1943-12-01,-0.117
371,1944-01-01,-0.124
372,1944-02-01,-0.132
373,1944-03-01,-0.086
374,1944-04-01,-0.087
375,1944-05-01,-0.093
376,1944-06-01,-0.072
377,1944-07-01,-0.083
378,1944-08-01,-0.101
379,1944-09-01,-0.089
380,1944-10-01,-0.055
381,1944-11-01,-0.078
382,1944-12-01,-0.15
383,1945-01-01,-0.118
384,1945-02-01,-0.193
385,1945-03-01,-0.147
386,1945-04-01,-0.078
387,1945-05-01,-0.087
388,1945-06-01,-0.078
389,1945-07-01,-0.089
390,1945-08-01,-0.083
391,1945-09-01,-0.116
392,1945-10-01,-0.134
393,1945-11-01,-0.169
394,1945-12-01,-0.138
395,1946-01-01,-0.139
396,1946-02-01,-0.111
397,1946-03-01,-0.102
398,1946-04-01,-0.069
399,1946-05-01,-0.129
400,1946-06-01,-0.13
401,1946-07-01,-0.096
402,1946-08-01,-0.061
403,1946-09-01,-0.052
404,1946-10-01,-0.052
405,1946-11-01,-0.02
406,1946-12-01,0.057
407,1947-01-01,-0.035
408,1947-02-01,-0.035
409,1947-03-01,-0.077
410,1947-04-01,-0.105
411,1947-05-01,-0.032
412,1947-06-01,0.004
413,1947-07-01,-0.08
414,1947-08-01,-0.116
415,1947-09-01,-0.104
416,1947-10-01,-0.045
417,1947-11-01,0.044
418,1947-12-01,0.042
419,1948-01-01,-0.026
420,1948-02-01,-0.013
421,1948-03-01,0.02
422,1948-04-01,-0.005
423,1948-05-01,-0.001
424,1948-06-01,-0.02
425,1948-07-01,0.005
426,1948-08-01,-0.049
427,1948-09-01,-0.031
428,1948-10-01,-0.006
429,1948-11-01,-0.06
430,1948-12-01,-0.05
431,1949-01-01,-0.096
432,1949-02-01,-0.105
433,1949-03-01,-0.095
434,1949-04-01,-0.102
435,1949-05-01,-0.08
436,1949-06-01,-0.097
437,1949-07-01,-0.035
438,1949-08-01,-0.083
439,1949-09-01,-0.08
440,1949-10-01,-0.012
441,1949-11-01,-0.13
442,1949-12-01,-0.108
443,1950-01-01,-0.048
444,1950-02-01,-0.05
445,1950-03-01,-0.083
446,1950-04-01,-0.035
447,1950-05-01,-0.108
448,1950-06-01,-0.145
449,1950-07-01,-0.12
450,1950-08-01,-0.049
451,1950-09-01,-0.077
452,1950-10-01,-0.088
453,1950-11-01,-0.154
454,1950-12-01,-0.126
455,1951-01-01,-0.115
456,1951-02-01,-0.105
457,1951-03-01,-0.098
458,1951-04-01,-0.075
459,1951-05-01,-0.117
460,1951-06-01,-0.115
461,1951-07-01,-0.099
462,1951-08-01,-0.101
463,1951-09-01,-0.122
464,1951-10-01,-0.058
465,1951-11-01,-0.099
466,1951-12-01,-0.096
467,1952-01-01,-0.09
468,1952-02-01,-0.071
469,1952-03-01,-0.05
470,1952-04-01,-0.105
471,1952-05-01,-0.053
472,1952-06-01,-0.106
473,1952-07-01,-0.074
474,1952-08-01,-0.086
475,1952-09-01,-0.064
476,1952-10-01,-0.094
477,1952-11-01,-0.127
478,1952-12-01,-0.038
479,1953-09-01,-0.074
480,1953-10-01,-0.076
481,1953-11-01,-0.09
482,1953-12-01,-0.099
483,1954-01-01,-0.096
484,1954-02-01,-0.077
485,1954-03-01,-0.098
486,1954-04-01,-0.053
487,1954-05-01,-0.019
488,1954-06-01,-0.06
489,1954-07-01,-0.096
490,1954-08-01,-0.138
491,1954-09-01,-0.07
492,1954-10-01,-0.128
493,1954-11-01,-0.105
494,1954-12-01,-0.147
495,1955-01-01,-0.06
496,1955-02-01,-0.05
497,1955-03-01,-0.132
498,1955-04-01,-0.13
499,1955-05-01,-0.056
500,1955-06-01,-0.054
501,1955-07-01,-0.041
502,1955-08-01,-0.058
503,1955-09-01,-0.052
504,1955-10-01,-0.079
505,1955-11-01,-0.166
506,1955-12-01,-0.163
507,1956-01-01,-0.075
508,1956-02-01,-0.096
509,1956-03-01,-0.102
510,1956-04-01,-0.099
511,1956-05-01,-0.09
512,1956-06-01,-0.048
513,1956-07-01,-0.096
514,1956-08-01,-0.077
515,1956-09-01,-0.089
516,1956-10-01,-0.082
517,1956-11-01,-0.044
518,1956-12-01,-0.178
519,1957-01-01,-0.176
520,1957-02-01,-0.056
521,1957-03-01,-0.071
522,1957-04-01,-0.087
523,1957-05-01,-0.029
524,1957-06-01,-0.066
525,1957-07-01,-0.041
526,1957-08-01,-0.013
527,1957-09-01,-0.092
528,1957-10-01,-0.012
529,1957-11-01,-0.053
530,1957-12-01,-0.086
531,1958-01-01,-0.048
532,1958-02-01,-0.181
533,1958-03-01,-0.092
534,1958-04-01,-0.102
535,1958-05-01,-0.117
536,1958-06-01,-0.051
537,1958-07-01,-0.089
538,1958-08-01,-0.107
539,1958-09-01,-0.049
540,1958-10-01,0.006
541,1958-11-01,-0.081
542,1958-12-01,-0.05
543,1959-01-01,-0.057
544,1959-02-01,-0.108
545,1959-03-01,-0.092
546,1959-04-01,-0.087
547,1959-05-01,-0.05
548,1959-06-01,-0.039
549,1959-07-01,-0.068
550,1959-08-01,-0.11
551,1959-09-01,-0.116
552,1959-10-01,-0.091
553,1959-11-01,-0.038
554,1959-12-01,-0.041
555,1960-01-01,-0.023
556,1960-02-01,-0.059
557,1960-03-01,-0.089
558,1960-04-01,-0.078
559,1960-05-01,-0.071
560,1960-06-01,-0.011
561,1960-07-01,-0.013
562,1960-08-01,-0.037
563,1960-09-01,-0.086
564,1960-10-01,-0.064
565,1960-11-01,-0.087
566,1960-12-01,-0.071
567,1961-01-01,-0.121
568,1961-02-01,-0.041
569,1961-03-01,0.02
570,1961-04-01,-0.029
571,1961-05-01,-0.074
572,1961-06-01,-0.081
573,1961-07-01,-0.086
574,1961-08-01,-0.122
575,1961-09-01,-0.15
576,1961-10-01,-0.064
577,1961-11-01,-0.035
578,1961-12-01,-0.059
579,1962-01-01,-0.109
580,1962-02-01,-0.077
581,1962-03-01,0.057
582,1962-04-01,-0.117
583,1962-05-01,-0.038
584,1962-06-01,-0.057
585,1962-07-01,-0.044
586,1962-08-01,-0.025
587,1962-09-01,-0.058
588,1962-10-01,-0.079
589,1962-11-01,-0.09
590,1962-12-01,-0.041
591,1963-01-01,-0.041
592,1963-02-01,-0.123
593,1963-03-01,-0.126
594,1963-04-01,-0.12
595,1963-05-01,-0.087
596,1963-06-01,-0.151
597,1963-07-01,-0.056
598,1963-08-01,-0.095
599,1963-09-01,-0.04
600,1963-10-01,-0.03
601,1963-11-01,-0.078
602,1963-12-01,-0.153
603,1964-01-01,-0.176
604,1964-02-01,-0.184
605,1964-03-01,-0.15
606,1964-04-01,-0.139
607,1964-05-01,-0.077
608,1964-06-01,-0.103
609,1964-07-01,-0.141
610,1964-08-01,-0.134
611,1964-09-01,-0.119
612,1964-10-01,-0.161
613,1964-11-01,-0.13
614,1964-12-01,-0.123
615,1965-01-01,-0.075
616,1965-02-01,-0.062
617,1965-03-01,-0.132
618,1965-04-01,-0.087
619,1965-05-01,-0.111
620,1965-06-01,-0.118
621,1965-07-01,-0.108
622,1965-08-01,-0.074
623,1965-09-01,-0.049
624,1965-10-01,-0.192
625,1965-11-01,-0.057
626,1965-12-01,-0.071
627,1966-01-01,0.016
628,1966-02-01,-0.05
629,1966-03-01,-0.059
630,1966-04-01,-0.053
631,1966-05-01,-0.044
632,1966-06-01,-0.1
633,1966-07-01,-0.056
634,1966-08-01,-0.086
635,1966-09-01,-0.101
636,1966-10-01,-0.131
637,1966-11-01,-0.078
638,1966-12-01,-0.068
639,1967-01-01,-0.072
640,1967-02-01,-0.102
641,1967-03-01,-0.077
642,1967-04-01,-0.035
643,1967-05-01,-0.099
644,1967-06-01,-0.005
645,1967-07-01,-0.044
646,1967-08-01,-0.04
647,1967-09-01,-0.098
648,1967-10-01,-0.097
649,1967-11-01,-0.084
650,1967-12-01,-0.025
651,1968-01-01,-0.054
652,1968-02-01,-0.035
653,1968-03-01,-0.068
654,1968-04-01,-0.066
655,1968-05-01,-0.132
656,1968-06-01,-0.148
657,1968-07-01,-0.092
658,1968-08-01,-0.101
659,1968-09-01,-0.104
660,1968-10-01,-0.131
661,1968-11-01,-0.157
662,1968-12-01,-0.117
663,1969-01-01,-0.041
664,1969-02-01,-0.062
665,1969-03-01,-0.077
666,1969-04-01,-0.096
667,1969-05-01,-0.117
668,1969-06-01,-0.091
669,1969-07-01,-0.077
670,1969-08-01,-0.043
671,1969-09-01,-0.116
672,1969-10-01,-0.07
673,1969-11-01,-0.069
674,1969-12-01,-0.032
675,1970-01-01,-0.105
676,1970-02-01,-0.123
677,1970-03-01,-0.086
678,1970-04-01,-0.111
679,1970-05-01,-0.068
680,1970-06-01,-0.063
681,1970-07-01,-0.105
682,1970-08-01,0.018
683,1970-09-01,-0.07
684,1970-10-01,-0.045
685,1970-11-01,-0.069
686,1970-12-01,-0.062
687,1971-01-01,-0.09
688,1971-02-01,-0.016
689,1971-03-01,-0.056
690,1971-04-01,-0.111
691,1971-05-01,-0.154
692,1971-06-01,-0.124
693,1971-07-01,-0.056
694,1971-08-01,-0.092
695,1971-09-01,-0.116
696,1971-10-01,-0.045
697,1971-11-01,0.047
698,1971-12-01,0.005
699,1972-01-01,0.035
700,1972-02-01,-0.013
701,1972-03-01,-0.022
702,1972-04-01,-0.05
703,1972-05-01,0.008
704,1972-06-01,-0.002
705,1972-07-01,-0.059
706,1972-08-01,-0.089
707,1972-09-01,-0.04
708,1972-10-01,-0.061
709,1972-11-01,-0.063
710,1972-12-01,-0.035
711,1973-01-01,0.068
712,1973-02-01,0.06
713,1973-03-01,0.084
714,1973-04-01,0.044
715,1973-05-01,-0.044
716,1973-06-01,-0.091
717,1973-07-01,-0.025
718,1973-08-01,0.024
719,1973-09-01,-0.031
720,1973-10-01,0.037
721,1973-11-01,-0.017
722,1973-12-01,-0.029
723,1974-01-01,-0.048
724,1974-02-01,-0.019
725,1974-03-01,-0.044
726,1974-04-01,-0.044
727,1974-05-01,-0.035
728,1974-06-01,0.01
729,1974-07-01,-0.025
730,1974-08-01,-0.049
731,1974-09-01,0.0
732,1974-10-01,0.049
733,1974-11-01,-0.053
734,1974-12-01,-0.086
735,1975-01-01,-0.084
736,1975-02-01,0.023
737,1975-03-01,0.005
738,1975-04-01,-0.005
739,1975-05-01,0.014
740,1975-06-01,0.01
741,1975-07-01,0.045
742,1975-08-01,-0.003
743,1975-09-01,-0.046
744,1975-10-01,-0.116
745,1975-11-01,-0.038
746,1975-12-01,0.017
747,1976-01-01,-0.105
748,1976-02-01,-0.126
749,1976-03-01,-0.077
750,1976-04-01,-0.078
751,1976-05-01,-0.08
752,1976-06-01,-0.02
753,1976-07-01,-0.074
754,1976-08-01,-0.077
755,1976-09-01,-0.089
756,1976-10-01,-0.094
757,1976-11-01,-0.102
758,1976-12-01,-0.013
759,1977-01-01,-0.081
760,1977-02-01,-0.141
761,1977-03-01,-0.074
762,1977-04-01,-0.072
763,1977-05-01,0.008
764,1977-06-01,-0.039
765,1977-07-01,-0.047
766,1977-08-01,-0.031
767,1977-09-01,-0.019
768,1977-10-01,-0.119
769,1977-11-01,-0.032
770,1977-12-01,-0.029
771,1978-01-01,-0.081
772,1978-02-01,-0.022
773,1978-03-01,-0.031
774,1978-04-01,-0.069
775,1978-05-01,-0.047
776,1978-06-01,-0.002
777,1978-07-01,-0.022
778,1978-08-01,-0.052
779,1978-09-01,-0.04
780,1978-10-01,0.022
781,1978-11-01,-0.017
782,1978-12-01,-0.029
783,1979-01-01,0.01
784,1979-02-01,-0.074
785,1979-03-01,-0.025
786,1979-04-01,-0.056
787,1979-05-01,-0.077
788,1979-06-01,0.001
789,1979-07-01,-0.035
790,1979-08-01,-0.043
791,1979-09-01,-0.003
792,1979-10-01,-0.064
793,1979-11-01,-0.075
794,1979-12-01,-0.007
795,1980-01-01,0.023
796,1980-02-01,0.014
797,1980-03-01,-0.062
798,1980-04-01,-0.014
799,1980-05-01,0.014
800,1980-06-01,0.013
801,1980-07-01,-0.013
802,1980-08-01,-0.04
803,1980-09-01,-0.043
804,1980-10-01,-0.106
805,1980-11-01,-0.017
806,1980-12-01,-0.068
807,1981-01-01,-0.045
808,1981-02-01,-0.029
809,1981-03-01,-0.022
810,1981-04-01,-0.02
811,1981-05-01,-0.013
812,1981-06-01,-0.063
813,1981-07-01,0.014
814,1981-08-01,-0.028
815,1981-09-01,-0.091
816,1981-10-01,-0.076
817,1981-11-01,0.014
818,1981-12-01,-0.062
819,1982-01-01,-0.081
820,1982-02-01,-0.059
821,1982-03-01,-0.001
822,1982-04-01,-0.02
823,1982-05-01,-0.029
824,1982-06-01,-0.02
825,1982-07-01,-0.038
826,1982-08-01,-0.067
827,1982-09-01,-0.019
828,1982-10-01,0.0
829,1982-11-01,0.023
830,1982-12-01,0.026
831,1983-01-01,0.053
832,1983-02-01,0.048
833,1983-03-01,0.048
834,1983-04-01,-0.047
835,1983-05-01,-0.083
836,1983-06-01,-0.048
837,1983-07-01,-0.013
838,1983-08-01,-0.058
839,1983-09-01,-0.074
840,1983-10-01,-0.024
841,1983-11-01,-0.018
842,1983-12-01,-0.062
843,1984-01-01,0.044
844,1984-02-01,-0.007
845,1984-03-01,0.011
846,1984-04-01,-0.032
847,1984-05-01,-0.09
848,1984-06-01,-0.072
849,1984-07-01,-0.114
850,1984-08-01,-0.064
851,1984-09-01,0.015
852,1984-10-01,0.009
853,1984-11-01,0.029
854,1984-12-01,0.02
855,1985-01-01,0.032
856,1985-02-01,-0.025
857,1985-03-01,-0.022
858,1985-04-01,-0.084
859,1985-05-01,-0.007
860,1985-06-01,-0.011
861,1985-07-01,-0.044
862,1985-08-01,0.015
863,1985-09-01,-0.043
864,1985-10-01,0.022
865,1985-11-01,-0.026
866,1985-12-01,-0.022
867,1986-01-01,-0.011
868,1986-02-01,0.023
869,1986-03-01,-0.038
870,1986-04-01,0.059
871,1986-05-01,0.106
872,1986-06-01,0.053
873,1986-07-01,-0.022
874,1986-08-01,-0.043
875,1986-09-01,0.03
876,1986-10-01,0.031
877,1986-11-01,-0.017
878,1986-12-01,0.039
879,1987-01-01,0.044
880,1987-02-01,0.011
881,1987-03-01,0.097
882,1987-04-01,-0.026
883,1987-05-01,-0.004
884,1987-06-01,-0.06
885,1987-07-01,-0.022
886,1987-08-01,-0.049
887,1987-09-01,-0.107
888,1987-10-01,-0.055
889,1987-11-01,0.041
890,1987-12-01,0.032
891,1988-01-01,0.016
892,1988-02-01,0.035
893,1988-03-01,-0.053
894,1988-04-01,-0.029
895,1988-05-01,-0.068
896,1988-06-01,-0.002
897,1988-07-01,-0.035
898,1988-08-01,-0.083
899,1988-09-01,-0.028
900,1988-10-01,-0.018
901,1988-11-01,-0.026
902,1988-12-01,-0.032
903,1989-01-01,-0.048
904,1989-02-01,0.032
905,1989-03-01,0.011
906,1989-04-01,-0.066
907,1989-05-01,-0.053
908,1989-06-01,-0.036
909,1989-07-01,0.005
910,1989-08-01,0.006
911,1989-09-01,-0.019
912,1989-10-01,-0.064
913,1989-11-01,-0.111
914,1989-12-01,-0.178
915,1990-01-01,-0.096
916,1990-02-01,-0.096
917,1990-03-01,0.033
918,1990-04-01,0.023
919,1990-05-01,0.008
920,1990-06-01,-0.06
921,1990-07-01,-0.025
922,1990-08-01,0.012
923,1990-09-01,-0.049
924,1990-10-01,-0.03
925,1990-11-01,0.011
926,1990-12-01,-0.053
927,1991-01-01,0.062
928,1991-02-01,0.008
929,1991-03-01,0.023
930,1991-04-01,0.02
931,1991-05-01,0.002
932,1991-06-01,0.077
933,1991-07-01,0.045
934,1991-08-01,0.024
935,1991-09-01,0.07
936,1991-10-01,0.067
937,1991-11-01,0.068
938,1991-12-01,-0.022
939,1992-01-01,0.038
940,1992-02-01,0.005
941,1992-03-01,-0.01
942,1992-04-01,0.02
943,1992-05-01,0.005
944,1992-06-01,0.059
945,1992-07-01,0.026
946,1992-08-01,-0.006
947,1992-09-01,0.018
948,1992-10-01,0.079
949,1992-11-01,0.011
950,1992-12-01,0.005
951,1993-01-01,0.077
952,1993-02-01,0.09
953,1993-03-01,-0.047
954,1993-04-01,-0.011
955,1993-05-01,-0.001
956,1993-06-01,-0.011
957,1993-07-01,-0.004
958,1993-08-01,-0.025
959,1993-09-01,-0.022
960,1993-10-01,0.006
961,1993-11-01,0.032
962,1993-12-01,0.075
963,1994-01-01,-0.029
964,1994-02-01,0.029
965,1994-03-01,-0.013
966,1994-04-01,-0.015
967,1994-05-01,0.009
968,1994-06-01,0.007
969,1994-07-01,-0.021
970,1994-08-01,0.0
971,1994-09-01,0.022
972,1994-10-01,0.016
973,1994-11-01,0.063
974,1994-12-01,0.104
975,1995-01-01,-0.003
976,1995-02-01,-0.082
977,1995-03-01,0.077
978,1995-04-01,0.08
979,1995-05-01,0.051
980,1995-06-01,-0.009
981,1995-07-01,0.042
982,1995-08-01,0.062
983,1995-09-01,0.111
984,1995-10-01,0.084
985,1995-11-01,0.003
986,1995-12-01,0.046
987,1996-01-01,0.013
988,1996-02-01,-0.068
989,1996-03-01,-0.06
990,1996-04-01,-0.002
991,1996-05-01,-0.034
992,1996-06-01,-0.088
993,1996-07-01,-0.053
994,1996-08-01,-0.074
995,1996-09-01,-0.111
996,1996-10-01,-0.032
997,1996-11-01,0.023
998,1996-12-01,-0.012
999,1997-01-01,0.011
1000,1997-02-01,0.028
1001,1997-03-01,0.034
1002,1997-04-01,0.067
1003,1997-05-01,0.01
1004,1997-06-01,0.029
1005,1997-07-01,0.006
1006,1997-08-01,0.012
1007,1997-09-01,-0.001
1008,1997-10-01,-0.033
1009,1997-11-01,-0.067
1010,1997-12-01,-0.084
1011,1998-01-01,-0.02
1012,1998-02-01,0.038
1013,1998-03-01,0.023
1014,1998-04-01,-0.006
1015,1998-05-01,0.0
1016,1998-06-01,-0.014
1017,1998-07-01,0.017
1018,1998-08-01,0.018
1019,1998-09-01,0.026
1020,1998-10-01,-0.052
1021,1998-11-01,-0.072
1022,1998-12-01,-0.002
1023,1999-01-01,0.055
1024,1999-02-01,0.112
1025,1999-03-01,0.01
1026,1999-04-01,0.047
1027,1999-05-01,0.016
1028,1999-06-01,0.014
1029,1999-07-01,0.04
1030,1999-08-01,0.041
1031,1999-09-01,0.116
1032,1999-10-01,0.056
1033,1999-11-01,0.063
1034,1999-12-01,0.03
1035,2000-01-01,0.025
1036,2000-02-01,0.02
1037,2000-03-01,0.006
1038,2000-04-01,0.013
1039,2000-05-01,-0.02
1040,2000-06-01,0.059
1041,2000-07-01,0.103
1042,2000-08-01,0.059
1043,2000-09-01,0.034
1044,2000-10-01,0.054
1045,2000-11-01,-0.023
1046,2000-12-01,0.015
1047,2001-01-01,-0.06
1048,2001-02-01,-0.068
1049,2001-03-01,-0.043
1050,2001-04-01,-0.056
1051,2001-05-01,0.04
1052,2001-06-01,-0.088
1053,2001-07-01,-0.002
1054,2001-08-01,0.013
1055,2001-09-01,-0.02
1056,2001-10-01,0.041
1057,2001-11-01,0.067
1058,2001-12-01,0.046
1059,2002-01-01,-0.032
1060,2002-02-01,0.039
1061,2002-03-01,0.002
1062,2002-04-01,0.038
1063,2002-05-01,0.026
1064,2002-06-01,0.084
1065,2002-07-01,0.018
1066,2002-08-01,0.064
1067,2002-09-01,0.05
1068,2002-10-01,0.041
1069,2002-11-01,-0.02
1070,2002-12-01,-0.021
1071,2003-01-01,-0.053
1072,2003-02-01,-0.081
1073,2003-03-01,-0.002
1074,2003-04-01,0.051
1075,2003-05-01,-0.005
1076,2003-06-01,-0.016
1077,2003-07-01,0.003
1078,2003-08-01,0.02
1079,2003-09-01,0.042
1080,2003-10-01,-0.014
1081,2003-11-01,0.032
1082,2003-12-01,0.024
1083,2004-01-01,0.042
1084,2004-02-01,0.043
1085,2004-03-01,0.059
1086,2004-04-01,-0.006
1087,2004-05-01,-0.019
1088,2004-06-01,-0.003
1089,2004-07-01,-0.038
1090,2004-08-01,-0.02
1091,2004-09-01,0.015
1092,2004-10-01,0.011
1093,2004-11-01,0.035
1094,2004-12-01,-0.037
1095,2005-01-01,0.06
1096,2005-02-01,0.098
1097,2005-03-01,0.007
1098,2005-04-01,0.041
1099,2005-05-01,0.042
1100,2005-06-01,0.059
1101,2005-07-01,0.058
1102,2005-08-01,0.031
1103,2005-09-01,0.061
1104,2005-10-01,0.046
1105,2005-11-01,-0.039
1106,2005-12-01,-0.057
1107,2006-01-01,-0.022
1108,2006-02-01,-0.044
1109,2006-03-01,0.023
1110,2006-04-01,0.062
1111,2006-05-01,0.074
1112,2006-06-01,0.005
1113,2006-07-01,-0.03
1114,2006-08-01,0.032
1115,2006-09-01,0.008
1116,2006-10-01,0.041
1117,2006-11-01,0.007
1118,2006-12-01,0.034
1119,2007-01-01,0.053
1120,2007-02-01,-0.009
1121,2007-03-01,0.038
1122,2007-04-01,0.025
1123,2007-05-01,0.161
1124,2007-06-01,0.083
1125,2007-07-01,0.052
1126,2007-08-01,0.032
1127,2007-09-01,0.055
1128,2007-10-01,0.077
1129,2007-11-01,0.038
1130,2007-12-01,-0.024
1131,2008-01-01,0.053
1132,2008-02-01,-0.02
1133,2008-03-01,-0.046
1134,2008-04-01,0.08
1135,2008-05-01,0.041
1136,2008-06-01,0.012
1137,2008-07-01,0.117
1138,2008-08-01,0.105
1139,2008-09-01,0.196
1140,2008-10-01,0.082
1141,2008-11-01,0.033
1142,2008-12-01,-0.029
1143,2009-01-01,-0.089
1144,2009-02-01,-0.067
1145,2009-03-01,0.049
1146,2009-04-01,0.01
1147,2009-05-01,0.037
1148,2009-06-01,0.057
1149,2009-07-01,0.002
1150,2009-08-01,0.084
1151,2009-09-01,0.157
1152,2009-10-01,0.068
1153,2009-11-01,0.11
1154,2009-12-01,0.11
1155,2010-01-01,0.049
1156,2010-02-01,0.064
1157,2010-03-01,-0.014
1158,2010-04-01,0.01
1159,2010-05-01,0.005
1160,2010-06-01,0.062
1161,2010-07-01,0.056
1162,2010-08-01,0.066
1163,2010-09-01,0.125
1164,2010-10-01,0.016
1165,2010-11-01,0.024
1166,2010-12-01,0.002
1167,2011-01-01,-0.031
1168,2011-02-01,-0.061
1169,2011-03-01,-0.022
1170,2011-04-01,-0.004
1171,2011-05-01,0.008
1172,2011-06-01,0.078
1173,2011-07-01,0.081
1174,2011-08-01,0.101
1175,2011-09-01,0.06
1176,2011-10-01,0.038
1177,2011-11-01,0.072
1178,2011-12-01,0.074
1179,2012-01-01,0.022
1180,2012-02-01,0.105
1181,2012-03-01,0.105
1182,2012-04-01,0.088
1183,2012-05-01,0.096
1184,2012-06-01,0.131
1185,2012-07-01,0.081
1186,2012-08-01,0.063
1187,2012-09-01,-0.036
1188,2012-10-01,0.017
1189,2012-11-01,0.144
1190,2012-12-01,0.122
1191,2013-01-01,0.1
1192,2013-02-01,0.096
1193,2013-03-01,0.103
1194,2013-04-01,0.057
1195,2013-05-01,0.076
1196,2013-06-01,0.054
1197,2013-07-01,0.106
1198,2013-08-01,0.077
1199,2013-09-01,0.082
1200,2013-10-01,0.089
1201,2013-11-01,0.112
1202,2013-12-01,0.108
1203,2014-01-01,0.107
1204,2014-02-01,0.13
1205,2014-03-01,0.08
1206,2014-04-01,0.074
1207,2014-05-01,0.116
1208,2014-06-01,0.051
1209,2014-07-01,0.087
1210,2014-08-01,0.125
1211,2014-09-01,0.093
1212,2014-10-01,0.077
1213,2014-11-01,0.106
1214,2015-02-01,0.136
1215,2015-03-01,0.062
1216,2015-04-01,0.096
1217,2015-05-01,0.11
1218,2015-06-01,0.06
1219,2015-07-01,0.086
1220,2015-08-01,0.133
1221,2015-09-01,0.128
1222,2015-10-01,0.204
1223,2015-11-01,0.126
1224,2015-12-01,0.175
1225,2016-01-01,0.191
1226,2016-02-01,0.162
1227,2016-03-01,0.112
1228,2016-04-01,0.144
1229,2016-05-01,0.112
1230,2016-06-01,0.053
1231,2016-07-01,0.057
1232,2016-08-01,0.086
1233,2016-09-01,0.034
1234,2016-10-01,0.146
1235,2016-11-01,0.153
1236,2016-12-01,0.104
1237,2017-01-01,0.122
1238,2017-02-01,0.069
1239,2017-03-01,0.093
1240,2017-04-01,0.16
1241,2017-05-01,0.079
1242,2017-06-01,0.117
1243,2017-07-01,0.127
1244,2017-08-01,0.057
1245,2017-09-01,0.128
1246,2017-10-01,0.141
1247,2017-11-01,0.1
1248,2017-12-01,0.106
1249,2018-01-01,0.079
1250,2018-02-01,0.039
1251,2018-03-01,0.161
1252,2018-04-01,0.084
1253,2018-05-01,0.007
1254,2018-06-01,0.032
1255,2018-07-01,0.08
1256,2018-08-01,0.06
1257,2018-09-01,0.058
1258,2018-10-01,0.029
1259,2018-11-01,0.053
1260,2018-12-01,0.125
1261,2019-01-01,0.106
1262,2019-02-01,0.13
1263,2019-03-01,0.193
1264,2019-04-01,0.127
1265,2019-05-01,0.089
1266,2019-06-01,0.143
1267,2019-07-01,0.163
1268,2019-08-01,0.141
1269,2019-09-01,0.18
1270,2019-10-01,0.235
1271,2019-11-01,0.202
1272,2019-12-01,0.146
1273,2020-01-01,0.133
1274,2020-02-01,0.102
1275,2020-03-01,0.096
1276,2020-04-01,0.141
1277,2020-05-01,0.123
1278,2020-06-01,0.163
1279,2020-07-01,0.14
1280,2020-08-01,0.154
1281,2020-09-01,0.201
1282,2020-10-01,0.193
1283,2020-11-01,0.187
1284,2020-12-01,0.093
1285,2021-01-01,0.087
1286,2021-02-01,0.115
1287,2021-03-01,0.145
1288,2021-04-01,0.145
1289,2021-05-01,0.095
1290,2021-06-01,0.068
1291,2021-07-01,0.098
1292,2021-08-01,0.153
1293,2021-09-01,0.096
1294,2021-10-01,0.089
1295,2021-11-01,0.158
1296,2021-12-01,0.161
1297,2022-01-01,0.192
1298,2022-02-01,0.184
1299,2022-03-01,0.148
1300,2022-04-01,0.158
1301,2022-05-01,0.18
1302,2022-06-01,0.141
1303,2022-07-01,0.112
1304,2022-08-01,0.153
1305,2022-09-01,0.212
1306,2022-10-01,0.18
1307,2022-11-01,0.229
1308,2022-12-01,0.227
1309,2023-01-01,0.162
1310,2023-02-01,0.126
1311,2023-03-01,0.217
1312,2023-04-01,0.202
1313,2023-05-01,0.168
1314,2023-06-01,0.156
1315,2023-07-01,0.133
1316,2023-08-01,0.169
1317,2023-09-01,0.155
1318,2023-10-01,0.215
1319,2023-11-01,0.229
1320,2023-12-01,0.224
1321,2024-01-01,0.146
