Date,Monthly_MSL
1889-01-01,7.198
1889-02-01,7.429
1889-03-01,7.206
1889-04-01,7.2
1889-05-01,7.089
1889-06-01,7.161
1889-07-01,7.241
1889-08-01,7.404
1889-09-01,7.284
1889-10-01,7.193
1889-11-01,7.153
1889-12-01,7.12
1890-01-01,7.318
1890-02-01,7.219
1890-03-01,7.296
1890-04-01,7.3
1890-05-01,7.229
1890-06-01,7.391
1890-07-01,7.351
1890-08-01,7.284
1890-09-01,7.234
1890-10-01,7.493
1890-11-01,7.323
1890-12-01,7.01
1891-01-01,7.038
1891-02-01,7.229
1891-03-01,7.396
1891-04-01,7.11
1891-05-01,7.249
1891-06-01,7.141
1891-07-01,7.171
1891-08-01,7.294
1891-09-01,7.294
1891-10-01,7.253
1891-11-01,7.103
1891-12-01,7.24
1892-01-01,7.298
1892-02-01,7.309
1892-03-01,7.036
1892-04-01,7.26
1892-05-01,7.359
1892-06-01,7.301
1892-07-01,7.351
1892-08-01,7.274
1892-09-01,7.284
1892-10-01,7.183
1892-11-01,7.033
1892-12-01,7.21
1893-01-01,7.068
1893-02-01,7.129
1893-03-01,7.416
1893-04-01,7.34
1893-05-01,7.219
1893-06-01,7.291
1893-07-01,7.181
1893-08-01,7.274
1893-09-01,7.474
1893-10-01,7.463
1893-11-01,7.463
1893-12-01,7.33
1894-01-01,7.208
1894-02-01,7.629
1894-03-01,7.456
1894-04-01,7.1
1894-05-01,7.219
1894-06-01,7.221
1894-07-01,7.221
1894-08-01,7.294
1894-09-01,7.284
1894-10-01,7.093
1894-11-01,7.233
1894-12-01,7.27
1895-01-01,7.158
1895-02-01,6.969
1895-03-01,7.236
1895-04-01,7.35
1895-05-01,7.179
1895-06-01,7.161
1895-07-01,7.311
1895-08-01,7.284
1895-09-01,7.384
1895-10-01,7.373
1895-11-01,7.303
1895-12-01,7.2
1896-01-01,7.168
1896-02-01,7.369
1896-03-01,7.346
1896-04-01,7.26
1896-05-01,7.339
1896-06-01,7.271
1896-07-01,7.321
1896-08-01,7.234
1896-09-01,7.154
1896-10-01,7.183
1896-11-01,7.153
1896-12-01,7.0
1897-01-01,6.948
1897-02-01,7.159
1897-03-01,7.226
1897-04-01,7.26
1897-05-01,7.299
1897-06-01,7.211
1897-07-01,7.281
1897-08-01,7.184
1897-09-01,7.274
1897-10-01,7.253
1897-11-01,7.113
1897-12-01,7.23
1898-01-01,7.328
1898-02-01,7.559
1898-03-01,7.336
1898-04-01,7.2
1898-05-01,7.199
1898-06-01,7.231
1898-07-01,7.421
1898-08-01,7.304
1898-09-01,7.324
1898-10-01,7.083
1898-11-01,7.163
1898-12-01,7.47
1899-01-01,7.478
1899-02-01,7.319
1899-03-01,7.406
1899-04-01,7.44
1899-05-01,7.239
1899-06-01,7.281
1899-07-01,7.111
1899-08-01,7.294
1899-09-01,7.374
1899-10-01,7.403
1899-11-01,7.523
1899-12-01,7.33
1900-01-01,6.988
1900-02-01,7.019
1900-03-01,7.126
1900-04-01,7.14
1900-05-01,7.339
1900-06-01,7.201
1900-07-01,7.231
1900-08-01,7.204
1900-09-01,7.204
1900-10-01,7.433
1900-11-01,7.143
1900-12-01,7.25
1901-01-01,7.128
1901-02-01,7.239
1901-03-01,7.086
1901-04-01,7.18
1901-05-01,7.069
1901-06-01,7.201
1901-07-01,7.071
1901-08-01,7.104
1901-09-01,7.034
1901-10-01,7.113
1901-11-01,7.223
1901-12-01,7.29
1902-01-01,7.418
1902-02-01,7.249
1902-03-01,7.196
1902-04-01,7.04
1902-05-01,7.199
1902-06-01,7.161
1902-07-01,7.271
1902-08-01,7.354
1902-09-01,7.274
1902-10-01,7.153
1902-11-01,7.133
1902-12-01,6.98
1903-01-01,7.238
1903-02-01,7.599
1903-03-01,7.476
1903-04-01,7.54
1903-05-01,7.319
1903-06-01,7.181
1903-07-01,7.241
1903-08-01,7.464
1903-09-01,7.384
1903-10-01,7.213
1903-11-01,7.283
1903-12-01,7.11
1904-01-01,7.018
1904-02-01,7.129
1904-03-01,6.986
1904-04-01,7.14
1904-05-01,7.309
1904-06-01,7.261
1904-07-01,7.331
1904-08-01,7.334
1904-09-01,7.104
1904-10-01,7.123
1904-11-01,7.283
1904-12-01,7.38
1905-01-01,7.338
1905-02-01,7.459
1905-03-01,7.106
1905-04-01,7.18
1905-05-01,7.239
1905-06-01,7.111
1905-07-01,7.251
1905-08-01,7.304
1905-09-01,7.294
1905-10-01,7.303
1905-11-01,7.083
1905-12-01,7.27
1906-01-01,7.288
1906-02-01,7.359
1906-03-01,7.506
1906-04-01,7.24
1906-05-01,7.159
1906-06-01,7.241
1906-07-01,7.251
1906-08-01,7.284
1906-09-01,7.174
1906-10-01,7.053
1906-11-01,7.023
1906-12-01,7.33
1907-01-01,7.198
1907-02-01,7.159
1907-03-01,7.386
1907-04-01,7.18
1907-05-01,7.299
1907-06-01,7.181
1907-07-01,7.231
1907-08-01,7.424
1907-09-01,7.364
1907-10-01,7.113
1907-11-01,6.933
1907-12-01,6.97
1908-01-01,7.088
1908-02-01,7.459
1908-03-01,7.066
1908-04-01,7.02
1908-05-01,7.189
1908-06-01,7.131
1908-07-01,7.051
1908-08-01,7.204
1908-09-01,7.264
1908-10-01,7.033
1908-11-01,6.983
1908-12-01,7.15
1909-01-01,7.128
1909-02-01,7.189
1909-03-01,7.046
1909-04-01,7.09
1909-05-01,7.209
1909-06-01,7.231
1909-07-01,7.251
1909-08-01,7.374
1909-09-01,7.184
1909-10-01,7.153
1909-11-01,7.243
1909-12-01,7.16
1910-01-01,7.408
1910-02-01,7.289
1910-03-01,7.236
1910-04-01,7.2
1910-05-01,7.259
1910-06-01,7.131
1910-07-01,7.241
1910-08-01,7.154
1910-09-01,7.054
1910-10-01,7.113
1910-11-01,7.173
1910-12-01,7.0
1911-01-01,7.239
1911-02-01,7.295
1911-03-01,7.325
1911-04-01,7.214
1911-05-01,7.234
1911-06-01,7.102
1911-07-01,7.219
1911-08-01,7.107
1911-09-01,7.319
1911-10-01,7.173
1911-11-01,7.334
1911-12-01,7.023
1912-01-01,6.99
1912-02-01,7.118
1912-03-01,7.186
1912-04-01,7.316
1912-05-01,7.288
1912-06-01,7.303
1912-07-01,7.024
1912-08-01,7.216
1912-09-01,7.295
1912-10-01,7.112
1912-11-01,7.218
1912-12-01,7.444
1913-01-01,7.225
1913-02-01,7.188
1913-03-01,7.528
1913-04-01,7.288
1913-05-01,7.134
1913-06-01,7.278
1913-07-01,7.254
1913-08-01,7.26
1913-09-01,6.985
1913-10-01,6.968
1913-11-01,7.333
1913-12-01,7.609
1914-01-01,7.344
1914-02-01,7.423
1914-03-01,7.303
1914-04-01,7.214
1914-05-01,7.354
1914-06-01,7.15
1914-07-01,7.099
1914-08-01,7.154
1914-09-01,7.136
1914-10-01,7.148
1914-11-01,6.913
1914-12-01,7.221
1915-01-01,7.063
1915-02-01,7.05
1915-03-01,7.138
1915-04-01,7.255
1915-05-01,7.232
1915-06-01,7.206
1915-07-01,7.179
1915-08-01,7.24
1915-09-01,7.226
1915-10-01,6.903
1915-11-01,7.006
1915-12-01,7.169
1916-01-01,7.317
1916-02-01,7.326
1916-03-01,6.973
1916-04-01,7.156
1916-05-01,7.177
1916-06-01,7.181
1916-07-01,7.166
1916-08-01,7.225
1916-09-01,7.16
1916-10-01,7.22
1916-11-01,7.086
1916-12-01,7.054
1917-01-01,6.98
1917-02-01,6.979
1917-03-01,6.995
1917-04-01,7.194
1917-05-01,7.169
1917-06-01,7.068
1917-07-01,7.039
1917-08-01,7.004
1917-09-01,7.211
1917-10-01,7.347
1917-11-01,7.309
1917-12-01,7.476
1918-01-01,7.265
1918-02-01,7.193
1918-03-01,7.06
1918-04-01,6.982
1918-05-01,6.905
1918-06-01,7.239
1918-07-01,7.209
1918-08-01,7.176
1918-09-01,7.322
1918-10-01,7.261
1918-11-01,7.066
1918-12-01,7.067
1919-01-01,7.021
1919-02-01,6.953
1919-03-01,6.995
1919-04-01,7.176
1919-05-01,7.041
1919-06-01,7.22
1919-07-01,7.184
1919-08-01,7.366
1919-09-01,7.224
1919-10-01,7.261
1919-11-01,6.87
1919-12-01,7.094
1920-01-01,7.212
1920-02-01,7.249
1920-03-01,7.327
1920-04-01,7.141
1920-05-01,7.288
1920-06-01,7.169
1920-07-01,7.113
1920-08-01,7.218
1920-09-01,7.101
1920-10-01,6.84
1920-11-01,6.911
1920-12-01,6.766
1921-01-01,7.256
1921-02-01,7.208
1921-03-01,7.284
1921-04-01,7.285
1921-05-01,7.121
1921-06-01,7.214
1921-07-01,7.251
1921-08-01,7.24
1921-09-01,7.232
1921-10-01,7.258
1921-11-01,7.162
1921-12-01,7.131
1922-01-01,7.303
1922-02-01,6.951
1922-03-01,7.289
1922-04-01,7.087
1922-05-01,7.238
1922-06-01,7.289
1922-07-01,7.195
1922-08-01,7.239
1922-09-01,7.131
1922-10-01,7.0
1922-11-01,7.139
1922-12-01,7.253
1923-01-01,7.212
1923-02-01,7.179
1923-03-01,6.839
1923-04-01,6.868
1923-05-01,7.189
1923-06-01,7.352
1923-07-01,7.203
1923-08-01,7.342
1923-09-01,7.252
1923-10-01,7.383
1923-11-01,7.447
1923-12-01,7.17
1924-01-01,6.97
1924-02-01,7.138
1924-03-01,7.12
1924-04-01,7.196
1924-05-01,7.149
1924-06-01,7.157
1924-07-01,7.254
1924-08-01,7.084
1924-09-01,7.107
1924-10-01,7.099
1924-11-01,7.11
1924-12-01,7.033
1925-01-01,7.4
1925-02-01,7.357
1925-03-01,7.127
1925-04-01,7.113
1925-05-01,7.064
1925-06-01,7.217
1925-07-01,7.058
1925-08-01,7.145
1925-09-01,7.292
1925-10-01,7.263
1925-11-01,7.131
1925-12-01,7.139
1926-01-01,7.051
1926-02-01,6.926
1926-03-01,7.263
1926-04-01,7.115
1926-05-01,7.095
1926-06-01,7.102
1926-07-01,7.039
1926-08-01,7.173
1926-09-01,7.266
1926-10-01,7.18
1926-11-01,7.083
1926-12-01,7.093
1927-01-01,7.193
1927-02-01,7.097
1927-03-01,7.103
1927-04-01,7.255
1927-05-01,7.35
1927-06-01,7.32
1927-07-01,7.129
1927-08-01,7.128
1927-09-01,7.167
1927-10-01,7.267
1927-11-01,7.211
1927-12-01,6.84
1928-01-01,7.021
1928-02-01,7.159
1928-03-01,6.833
1928-04-01,6.968
1928-05-01,7.042
1928-06-01,7.254
1928-07-01,7.328
1928-08-01,7.302
1928-09-01,7.187
1928-10-01,7.174
1928-11-01,7.165
1928-12-01,7.153
1929-01-01,6.955
1929-02-01,6.71
1929-03-01,6.983
1929-04-01,7.131
1929-05-01,7.16
1929-06-01,7.205
1929-07-01,7.205
1929-08-01,7.116
1929-09-01,7.169
1929-10-01,7.286
1929-11-01,7.177
1929-12-01,7.146
1930-01-01,7.186
1930-02-01,6.981
1930-03-01,7.061
1930-04-01,6.965
1930-05-01,7.021
1930-06-01,7.023
1930-07-01,7.126
1930-08-01,7.218
1930-09-01,6.948
1930-10-01,7.106
1930-11-01,7.429
1930-12-01,7.066
1931-01-01,7.113
1931-02-01,6.919
1931-03-01,7.055
1931-04-01,7.048
1931-05-01,7.058
1931-06-01,7.132
1931-07-01,7.2
1931-08-01,7.11
1931-09-01,7.137
1931-10-01,7.215
1931-11-01,7.093
1931-12-01,7.068
1932-01-01,7.312
1932-02-01,7.223
1932-03-01,7.06
1932-04-01,7.143
1932-05-01,7.093
1932-06-01,7.098
1932-07-01,7.07
1932-08-01,7.125
1932-09-01,7.181
1932-10-01,7.263
1932-11-01,7.056
1932-12-01,7.073
1933-01-01,6.955
1933-02-01,7.118
1933-03-01,6.984
1933-04-01,7.244
1933-05-01,7.098
1933-06-01,6.964
1933-07-01,7.078
1933-08-01,7.232
1933-09-01,7.008
1933-10-01,6.951
1933-11-01,6.953
1933-12-01,6.807
1934-01-01,6.997
1934-02-01,7.261
1934-03-01,7.209
1934-04-01,6.834
1934-05-01,7.139
1934-06-01,7.161
1934-07-01,7.072
1934-08-01,7.149
1934-09-01,7.012
1934-10-01,7.277
1934-11-01,7.194
1934-12-01,6.995
1935-01-01,6.902
1935-02-01,7.253
1935-03-01,7.119
1935-04-01,7.214
1935-05-01,7.026
1935-06-01,7.073
1935-07-01,7.198
1935-08-01,7.168
1935-09-01,7.126
1935-10-01,7.326
1935-11-01,7.133
1935-12-01,7.101
1936-01-01,7.128
1936-02-01,7.009
1936-03-01,6.906
1936-04-01,7.1
1936-05-01,6.979
1936-06-01,7.021
1936-07-01,7.021
1936-08-01,7.094
1936-09-01,7.014
1936-10-01,7.093
1936-11-01,7.153
1936-12-01,7.19
1937-01-01,7.059
1937-02-01,6.84
1937-03-01,6.977
1937-04-01,6.941
1937-05-01,7.02
1937-06-01,7.042
1937-07-01,7.112
1937-08-01,7.025
1937-09-01,7.135
1937-10-01,6.984
1937-11-01,7.034
1937-12-01,6.891
1938-01-01,7.014
1938-02-01,7.235
1938-03-01,7.36
1938-04-01,7.466
1938-05-01,7.167
1938-06-01,7.172
1938-07-01,7.134
1938-08-01,6.943
1938-09-01,7.022
1938-10-01,7.16
1938-11-01,7.227
1938-12-01,6.937
1939-01-01,6.911
1939-02-01,7.204
1939-03-01,7.077
1939-04-01,7.08
1939-05-01,6.982
1939-06-01,7.081
1939-07-01,7.075
1939-08-01,6.959
1939-09-01,6.8
1939-10-01,6.748
1939-11-01,6.814
1939-12-01,6.988
1940-01-01,6.97
1940-02-01,6.743
1940-03-01,7.035
1940-04-01,6.978
1940-05-01,6.926
1940-06-01,6.974
1940-07-01,6.984
1940-08-01,7.191
1940-09-01,7.285
1940-10-01,7.009
1940-11-01,7.023
1940-12-01,7.079
1941-01-01,6.745
1941-02-01,6.773
1941-03-01,6.971
1941-04-01,6.893
1941-05-01,6.936
1941-06-01,6.945
1941-07-01,6.986
1941-08-01,7.066
1941-09-01,7.109
1941-10-01,6.971
1941-11-01,6.801
1941-12-01,7.049
1942-01-01,6.928
1942-02-01,6.746
1942-03-01,6.835
1942-04-01,6.937
1942-05-01,7.017
1942-06-01,7.107
1942-07-01,7.101
1942-08-01,6.98
1942-09-01,7.027
1942-10-01,7.219
1942-11-01,7.134
1942-12-01,7.188
1943-01-01,6.989
1943-02-01,7.287
1943-03-01,7.265
1943-04-01,7.355
1943-05-01,7.234
1943-06-01,7.108
1943-07-01,7.12
1943-08-01,7.196
1943-09-01,7.05
1943-10-01,7.109
1943-11-01,6.997
1943-12-01,7.005
1944-01-01,7.331
1944-02-01,7.28
1944-03-01,7.196
1944-04-01,7.038
1944-05-01,7.237
1944-06-01,7.104
1944-07-01,7.001
1944-08-01,6.923
1944-09-01,7.054
1944-10-01,6.994
1944-11-01,7.01
1944-12-01,7.008
1945-01-01,7.056
1945-02-01,7.004
1945-03-01,7.243
1945-04-01,7.286
1945-05-01,7.177
1945-06-01,7.186
1945-07-01,7.112
1945-08-01,7.093
1945-09-01,6.979
1945-10-01,7.075
1945-11-01,6.936
1945-12-01,7.033
1946-01-01,7.0
1946-02-01,7.212
1946-03-01,6.999
1946-04-01,7.25
1946-05-01,7.05
1946-06-01,7.111
1946-07-01,7.017
1946-08-01,7.102
1946-09-01,7.119
1946-10-01,6.974
1946-11-01,6.847
1946-12-01,6.781
1947-01-01,6.641
1947-02-01,6.548
1947-03-01,6.878
1947-04-01,7.152
1947-05-01,6.984
1947-06-01,6.991
1947-07-01,6.971
1947-08-01,6.904
1947-09-01,6.886
1947-10-01,7.079
1947-11-01,7.029
1947-12-01,7.017
1948-01-01,7.068
1948-02-01,6.968
1948-03-01,7.068
1948-04-01,7.071
1948-05-01,7.024
1948-06-01,7.057
1948-07-01,7.053
1948-08-01,7.059
1948-09-01,7.136
1948-10-01,7.284
1948-11-01,7.157
1948-12-01,7.077
1949-01-01,7.211
1949-02-01,7.274
1949-03-01,7.175
1949-04-01,7.134
1949-05-01,7.153
1949-06-01,7.164
1949-07-01,7.032
1949-08-01,7.187
1949-09-01,6.877
1949-10-01,6.994
1949-11-01,7.029
1949-12-01,7.209
1950-01-01,7.045
1950-02-01,6.99
1950-03-01,7.167
1950-04-01,7.198
1950-05-01,7.035
1950-06-01,7.119
1950-07-01,7.07
1950-08-01,6.937
1950-09-01,7.12
1950-10-01,7.275
1950-11-01,7.016
1950-12-01,7.048
1951-01-01,6.921
1951-02-01,6.717
1951-03-01,6.864
1951-04-01,7.104
1951-05-01,6.972
1951-06-01,6.909
1951-07-01,7.035
1951-08-01,6.943
1951-09-01,6.953
1951-10-01,6.777
1951-11-01,6.787
1951-12-01,7.313
1952-01-01,7.278
1952-02-01,7.175
1952-03-01,6.97
1952-04-01,6.965
1952-05-01,6.999
1952-06-01,7.213
1952-07-01,7.082
1952-08-01,6.993
1952-09-01,7.153
1952-10-01,7.135
1952-11-01,7.016
1952-12-01,6.976
1953-01-01,6.882
1953-02-01,7.109
1953-03-01,7.075
1953-04-01,7.138
1953-05-01,7.022
1953-06-01,6.986
1953-07-01,6.994
1953-08-01,7.171
1953-09-01,7.188
1953-10-01,7.051
1953-11-01,6.951
1953-12-01,6.996
1954-01-01,7.073
1954-02-01,6.645
1954-03-01,6.765
1954-04-01,6.953
1954-05-01,6.911
1954-06-01,6.878
1954-07-01,7.079
1954-08-01,7.062
1954-09-01,7.122
1954-10-01,7.222
1954-11-01,7.172
1954-12-01,7.087
1955-01-01,7.057
1955-02-01,7.045
1955-03-01,6.948
1955-04-01,7.017
1955-05-01,7.222
1955-06-01,7.018
1955-07-01,6.926
1955-08-01,6.873
1955-09-01,6.987
1955-10-01,7.123
1955-11-01,7.075
1955-12-01,7.254
1956-01-01,7.243
1956-02-01,6.852
1956-03-01,6.906
1956-04-01,6.937
1956-05-01,7.11
1956-06-01,7.03
1956-07-01,7.011
1956-08-01,7.134
1956-09-01,6.968
1956-10-01,7.142
1956-11-01,6.921
1956-12-01,7.075
1957-01-01,6.966
1957-02-01,7.126
1957-03-01,6.942
1957-04-01,6.919
1957-05-01,7.036
1957-06-01,7.003
1957-07-01,6.988
1957-08-01,7.037
1957-09-01,7.158
1957-10-01,7.236
1957-11-01,7.092
1957-12-01,7.049
1958-01-01,7.101
1958-02-01,7.108
1958-03-01,6.992
1958-04-01,6.84
1958-05-01,7.162
1958-06-01,6.974
1958-07-01,6.991
1958-08-01,7.039
1958-09-01,6.837
1958-10-01,6.984
1958-11-01,6.928
1958-12-01,6.963
1959-01-01,7.165
1959-02-01,6.977
1959-03-01,7.012
1959-04-01,7.037
1959-05-01,6.9
1959-06-01,7.023
1959-07-01,6.945
1959-08-01,6.882
1959-09-01,6.97
1959-10-01,6.901
1959-11-01,6.831
1959-12-01,6.589
1960-01-01,6.852
1960-02-01,6.78
1960-03-01,6.666
1960-04-01,6.79
1960-05-01,6.969
1960-06-01,7.004
1960-07-01,7.025
1960-08-01,7.035
1960-09-01,7.02
1960-10-01,6.774
1960-11-01,6.827
1960-12-01,7.049
1961-01-01,6.814
1961-02-01,7.013
1961-03-01,7.282
1961-04-01,7.202
1961-05-01,7.099
1961-06-01,7.162
1961-07-01,7.237
1961-08-01,7.193
1961-09-01,7.078
1961-10-01,6.859
1961-11-01,7.042
1961-12-01,7.027
1962-01-01,7.176
1962-02-01,7.23
1962-03-01,6.921
1962-04-01,6.963
1962-05-01,7.017
1962-06-01,7.04
1962-07-01,7.072
1962-08-01,7.061
1962-09-01,7.203
1962-10-01,6.957
1962-11-01,6.858
1962-12-01,6.967
1963-01-01,6.76
1963-02-01,6.787
1963-03-01,6.827
1963-04-01,6.758
1963-05-01,6.888
1963-06-01,6.848
1963-07-01,6.926
1963-08-01,6.915
1963-09-01,6.866
1963-10-01,7.157
1963-11-01,7.051
1963-12-01,6.914
1964-01-01,6.956
1964-02-01,7.084
1964-03-01,6.69
1964-04-01,6.761
1964-05-01,7.046
1964-06-01,6.959
1964-07-01,7.018
1964-08-01,6.987
1964-09-01,7.051
1964-10-01,6.964
1964-11-01,7.001
1964-12-01,7.091
1965-01-01,7.005
1965-02-01,6.964
1965-03-01,6.92
1965-04-01,6.921
1965-05-01,6.888
1965-06-01,6.896
1965-07-01,7.084
1965-08-01,7.001
1965-09-01,6.968
1965-10-01,6.887
1965-11-01,7.016
1965-12-01,6.947
1966-01-01,6.746
1966-02-01,6.744
1966-03-01,7.154
1966-04-01,6.949
1966-05-01,6.96
1966-06-01,6.96
1966-07-01,7.009
1966-08-01,6.958
1966-09-01,7.072
1966-10-01,6.933
1966-11-01,6.787
1966-12-01,6.96
1967-01-01,7.0
1967-02-01,6.929
1967-03-01,7.362
1967-04-01,7.195
1967-05-01,7.075
1967-06-01,7.007
1967-07-01,6.952
1967-08-01,6.997
1967-09-01,6.946
1967-10-01,7.18
1967-11-01,7.114
1967-12-01,7.168
1968-01-01,7.017
1968-02-01,7.053
1968-03-01,7.131
1968-04-01,7.121
1968-05-01,7.017
1968-06-01,6.831
1968-07-01,6.917
1968-08-01,6.801
1968-09-01,6.724
1968-10-01,6.938
1968-11-01,6.822
1968-12-01,6.763
1969-01-01,6.675
1969-02-01,6.799
1969-03-01,6.635
1969-04-01,6.923
1969-05-01,6.911
1969-06-01,6.874
1969-07-01,6.958
1969-08-01,6.763
1969-09-01,6.914
1969-10-01,7.025
1969-11-01,7.338
1969-12-01,6.835
1970-01-01,6.607
1970-02-01,6.757
1970-03-01,6.869
1970-04-01,7.063
1970-05-01,6.983
1970-06-01,6.917
1970-07-01,6.983
1970-08-01,6.894
1970-09-01,6.97
1970-10-01,6.982
1970-11-01,7.144
1970-12-01,6.982
1971-01-01,6.893
1971-02-01,6.981
1971-03-01,6.941
1971-04-01,6.873
1971-05-01,6.883
1971-06-01,6.865
1971-07-01,6.995
1971-08-01,6.864
1971-09-01,6.916
1971-10-01,7.037
1971-11-01,7.168
1971-12-01,7.125
1972-01-01,6.7
1972-02-01,6.586
1972-03-01,6.656
1972-04-01,7.022
1972-05-01,6.86
1972-06-01,6.955
1972-07-01,6.855
1972-08-01,6.838
1972-09-01,6.843
1972-10-01,6.879
1972-11-01,7.192
1972-12-01,7.083
1973-01-01,6.8
1973-02-01,7.092
1973-03-01,7.07
1973-04-01,7.154
1973-05-01,6.985
1973-06-01,6.932
1973-07-01,6.909
1973-08-01,6.916
1973-09-01,6.939
1973-10-01,6.85
1973-11-01,7.125
1973-12-01,7.198
1974-01-01,6.943
1974-02-01,6.971
1974-03-01,6.671
1974-04-01,6.741
1974-05-01,6.746
1974-06-01,6.989
1974-07-01,7.138
1974-08-01,7.008
1974-09-01,6.877
1974-10-01,7.008
1974-11-01,6.997
1974-12-01,7.257
1975-01-01,7.362
1975-02-01,6.98
1975-03-01,6.895
1975-04-01,6.915
1975-05-01,6.926
1975-06-01,6.922
1975-07-01,6.828
1975-08-01,6.868
1975-09-01,6.892
1975-10-01,6.924
1975-11-01,6.775
1975-12-01,7.017
1976-01-01,7.34
1976-02-01,6.817
1976-03-01,6.808
1976-04-01,6.976
1976-05-01,6.9
1976-06-01,6.906
1976-07-01,6.814
1976-08-01,6.836
1976-09-01,6.757
1976-10-01,6.543
1976-11-01,6.669
1976-12-01,6.951
1977-01-01,6.768
1977-02-01,6.73
1977-03-01,6.907
1977-04-01,7.018
1977-05-01,6.938
1977-06-01,6.86
1977-07-01,6.972
1977-08-01,6.757
1977-09-01,6.889
1977-10-01,6.899
1977-11-01,7.2
1977-12-01,6.84
1978-01-01,6.973
1978-02-01,6.649
1978-03-01,6.926
1978-04-01,6.802
1978-05-01,6.671
1978-06-01,6.83
1978-07-01,6.889
1978-08-01,6.847
1978-09-01,7.201
1978-10-01,7.002
1978-11-01,7.124
1978-12-01,6.739
1979-01-01,6.628
1979-02-01,6.764
1979-03-01,6.888
1979-04-01,6.756
1979-05-01,6.94
1979-06-01,6.809
1979-07-01,7.07
1979-08-01,6.934
1979-09-01,7.032
1979-10-01,6.852
1979-11-01,6.824
1979-12-01,6.982
1980-01-01,6.726
1980-02-01,6.641
1980-03-01,6.62
1980-04-01,6.841
1980-05-01,6.83
1980-06-01,6.858
1980-07-01,6.858
1980-08-01,6.853
1980-09-01,6.913
1980-10-01,7.042
1980-11-01,6.982
1980-12-01,7.154
1981-01-01,7.179
1981-02-01,7.144
1981-03-01,6.848
1981-04-01,6.818
1981-05-01,6.858
1981-06-01,6.955
1981-07-01,6.93
1981-08-01,6.965
1981-09-01,6.809
1981-10-01,6.998
1981-11-01,7.213
1981-12-01,7.155
1982-01-01,6.8
1982-02-01,6.827
1982-03-01,6.94
1982-04-01,7.049
1982-05-01,7.046
1982-06-01,6.836
1982-07-01,6.789
1982-08-01,6.836
1982-09-01,6.987
1982-10-01,6.695
1982-11-01,6.942
1982-12-01,7.073
1983-01-01,7.378
1983-02-01,7.139
1983-03-01,6.988
1983-04-01,6.941
1983-05-01,6.858
1983-06-01,6.872
1983-07-01,6.859
1983-08-01,6.846
1983-09-01,6.95
1983-10-01,7.188
1983-11-01,7.186
1983-12-01,6.966
1984-01-01,7.243
1984-02-01,6.781
1984-03-01,6.655
1984-04-01,6.774
1984-05-01,6.823
1984-06-01,6.87
1984-07-01,6.971
1984-08-01,6.802
1984-09-01,6.934
1984-10-01,7.056
1984-11-01,6.788
1984-12-01,6.795
1985-01-01,6.664
1985-02-01,6.77
1985-03-01,6.722
1985-04-01,6.871
1985-05-01,6.854
1985-06-01,6.903
1985-07-01,6.893
1985-08-01,6.9
1985-09-01,7.053
1985-10-01,6.959
1985-11-01,6.986
1985-12-01,6.899
1986-01-01,6.97
1986-02-01,6.578
1986-03-01,6.708
1986-04-01,6.784
1986-05-01,6.848
1986-06-01,6.836
1986-07-01,6.905
1986-08-01,6.841
1986-09-01,7.046
1986-10-01,7.003
1986-11-01,7.089
1986-12-01,7.111
1987-01-01,6.709
1987-02-01,6.884
1987-03-01,6.667
1987-04-01,6.758
1987-05-01,6.948
1987-06-01,6.885
1987-07-01,6.862
1987-08-01,6.977
1987-09-01,7.01
1987-10-01,6.849
1987-11-01,6.837
1987-12-01,6.865
1988-01-01,7.061
1988-02-01,6.929
1988-03-01,6.966
1988-04-01,6.898
1988-05-01,6.807
1988-06-01,6.837
1988-07-01,6.742
1988-08-01,6.973
1988-09-01,6.962
1988-10-01,6.925
1988-11-01,6.911
1988-12-01,7.029
1989-01-01,7.215
1989-02-01,7.368
1989-03-01,7.203
1989-04-01,6.927
1989-05-01,7.013
1989-06-01,6.884
1989-07-01,6.854
1989-08-01,6.991
1989-09-01,6.832
1989-10-01,6.964
1989-11-01,6.907
1989-12-01,6.933
1990-01-01,7.09
1990-02-01,7.276
1990-03-01,7.507
1990-04-01,7.093
1990-05-01,6.91
1990-06-01,6.855
1990-07-01,6.944
1990-08-01,6.883
1990-09-01,6.918
1990-10-01,6.971
1990-11-01,6.874
1990-12-01,6.801
1991-01-01,6.965
1991-02-01,6.698
1991-03-01,6.7
1991-04-01,6.816
1991-05-01,6.858
1991-06-01,6.951
1991-07-01,6.871
1991-08-01,6.88
1991-09-01,6.881
1991-10-01,6.889
1991-11-01,6.841
1991-12-01,6.889
1992-01-01,7.116
1992-02-01,7.012
1992-03-01,7.06
1992-04-01,6.926
1992-05-01,6.952
1992-06-01,6.688
1992-07-01,6.759
1992-08-01,6.926
1992-09-01,6.887
1992-10-01,6.704
1992-11-01,6.933
1992-12-01,6.896
1993-01-01,7.022
1993-02-01,7.104
1993-03-01,6.932
1993-04-01,6.785
1993-05-01,6.729
1993-06-01,6.9
1993-07-01,6.978
1993-08-01,6.938
1993-09-01,6.746
1993-10-01,6.571
1993-11-01,6.536
1993-12-01,6.761
1994-01-01,6.895
1994-02-01,6.757
1994-03-01,6.932
1994-04-01,6.912
1994-05-01,6.768
1994-06-01,7.014
1994-07-01,6.75
1994-08-01,6.724
1994-09-01,6.794
1994-10-01,6.875
1994-11-01,6.823
1994-12-01,7.004
1995-01-01,7.017
1995-02-01,7.185
1995-03-01,7.139
1995-04-01,7.163
1995-05-01,6.941
1995-06-01,6.869
1995-07-01,6.801
1995-08-01,6.716
1995-09-01,6.686
1995-10-01,6.893
1995-11-01,6.924
1995-12-01,6.566
1996-01-01,6.495
1996-02-01,6.459
1996-03-01,6.542
1996-04-01,6.685
1996-05-01,6.838
1996-06-01,6.862
1996-07-01,6.907
1996-08-01,6.659
1996-09-01,6.544
1996-10-01,6.701
1996-11-01,7.001
1996-12-01,6.755
1997-01-01,6.687
1997-02-01,6.988
1997-03-01,7.05
1997-04-01,7.077
1997-05-01,6.928
1997-06-01,6.797
1997-07-01,6.65
1997-08-01,6.643
1997-09-01,6.928
1997-10-01,7.039
1997-11-01,6.746
1997-12-01,6.611
1998-01-01,6.852
1998-02-01,7.042
1998-03-01,7.134
1998-04-01,6.717
1998-05-01,6.831
1998-06-01,6.878
1998-07-01,6.98
1998-08-01,7.005
1998-09-01,6.85
1998-10-01,6.768
1998-11-01,6.974
1998-12-01,6.802
1999-01-01,6.938
1999-02-01,7.048
1999-03-01,6.915
1999-04-01,6.93
1999-05-01,6.822
1999-06-01,6.781
1999-07-01,6.739
1999-08-01,6.743
1999-09-01,6.656
1999-10-01,6.86
1999-11-01,6.753
1999-12-01,7.097
2000-01-01,7.006
2000-02-01,7.174
2000-03-01,7.153
2000-04-01,6.821
2000-05-01,6.756
2000-06-01,6.928
2000-07-01,6.958
2000-08-01,6.866
2000-09-01,6.648
2000-10-01,6.628
2000-11-01,6.774
2000-12-01,6.847
2001-01-01,6.751
2001-02-01,6.756
2001-03-01,6.791
2001-04-01,6.772
2001-05-01,6.839
2001-06-01,6.936
2001-07-01,6.736
2001-08-01,6.823
2001-09-01,6.921
2001-10-01,6.785
2001-11-01,7.07
2001-12-01,6.798
2002-01-01,6.956
2002-02-01,7.268
2002-03-01,7.256
2002-04-01,6.804
2002-05-01,6.797
2002-06-01,6.795
2002-07-01,6.867
2002-08-01,6.632
2002-09-01,6.641
2002-10-01,6.642
2002-11-01,6.693
2002-12-01,6.338
2003-01-01,6.763
2003-02-01,6.734
2003-03-01,6.651
2003-04-01,6.779
2003-05-01,6.876
2003-06-01,6.916
2003-07-01,6.837
2003-08-01,6.826
2003-09-01,6.797
2003-10-01,6.882
2003-11-01,6.729
2003-12-01,6.855
2004-01-01,6.806
2004-02-01,6.935
2004-03-01,6.837
2004-04-01,6.768
2004-05-01,6.855
2004-06-01,6.942
2004-07-01,6.967
2004-08-01,6.741
2004-09-01,6.911
2004-10-01,6.909
2004-11-01,6.883
2004-12-01,7.003
2005-01-01,7.247
2005-02-01,6.914
2005-03-01,6.712
2005-04-01,6.69
2005-05-01,6.823
2005-06-01,6.906
2005-07-01,6.827
2005-08-01,6.947
2005-09-01,6.793
2005-10-01,6.709
2005-11-01,6.849
2005-12-01,6.774
2006-01-01,6.574
2006-02-01,6.674
2006-03-01,6.633
2006-04-01,6.889
2006-05-01,6.803
2006-06-01,6.855
2006-07-01,6.682
2006-08-01,6.741
2006-09-01,6.843
2006-10-01,6.872
2006-11-01,7.099
2006-12-01,7.094
2007-01-01,7.321
2007-02-01,6.985
2007-03-01,6.954
2007-04-01,6.924
2007-05-01,6.966
2007-06-01,6.812
2007-07-01,6.946
2007-08-01,6.876
2007-09-01,7.018
2007-10-01,6.795
2007-11-01,6.935
2007-12-01,6.907
2008-01-01,6.896
2008-02-01,7.083
2008-03-01,7.25
2008-04-01,6.837
2008-05-01,6.754
2008-06-01,6.755
2008-07-01,6.84
2008-08-01,6.859
2008-09-01,6.65
2008-10-01,6.983
2008-11-01,7.021
2008-12-01,6.883
2009-01-01,6.767
2009-02-01,6.671
2009-03-01,6.817
2009-04-01,6.722
2009-05-01,6.8
2009-06-01,6.858
2009-07-01,6.814
2009-08-01,6.789
2009-09-01,6.841
2009-10-01,6.946
2009-11-01,6.639
2009-12-01,6.739
2010-01-01,6.447
2010-02-01,6.557
2010-03-01,6.846
2010-04-01,6.824
2010-05-01,6.919
2010-06-01,6.859
2010-07-01,6.727
2010-08-01,6.804
2010-09-01,6.793
2010-10-01,6.655
2010-11-01,6.936
2010-12-01,6.649
2011-01-01,6.743
2011-02-01,6.816
2011-03-01,6.717
2011-04-01,6.934
2011-05-01,6.803
2011-06-01,6.923
2011-07-01,6.79
2011-08-01,6.797
2011-09-01,6.914
2011-10-01,6.965
2011-11-01,6.688
2011-12-01,7.177
2012-01-01,7.166
2012-02-01,6.709
2012-03-01,6.926
2012-04-01,6.947
2012-05-01,6.843
2012-06-01,6.882
2012-07-01,6.825
2012-08-01,6.784
2012-09-01,6.977
2012-10-01,6.991
2012-11-01,6.935
2012-12-01,6.695
2013-01-01,6.701
2013-02-01,6.74
2013-03-01,6.52
2013-04-01,6.665
2013-05-01,6.819
2013-06-01,6.754
2013-07-01,6.745
2013-08-01,6.759
2013-09-01,6.744
2013-10-01,6.617
2013-11-01,6.966
2013-12-01,7.048
2014-01-01,6.817
2014-02-01,6.598
2014-03-01,6.872
2014-04-01,6.824
2014-05-01,6.8
2014-06-01,6.743
2014-07-01,6.656
2014-08-01,6.746
2014-09-01,6.649
2014-10-01,6.684
2014-11-01,6.647
2014-12-01,6.743
2015-01-01,7.134
2015-02-01,6.93
2015-03-01,6.86
2015-04-01,6.958
2015-05-01,7.002
2015-06-01,6.974
2015-07-01,6.891
2015-08-01,6.682
2015-09-01,6.689
2015-10-01,6.578
2015-11-01,6.902
2015-12-01,7.147
2016-01-01,6.709
2016-02-01,7.052
2016-03-01,6.788
2016-04-01,6.862
2016-05-01,6.838
2016-06-01,6.673
2016-07-01,6.81
2016-08-01,6.879
2016-09-01,6.741
2016-10-01,6.521
2016-11-01,6.674
2016-12-01,6.869
2017-01-01,6.956
2017-02-01,6.644
2017-03-01,6.907
2017-04-01,6.979
2017-05-01,6.793
2017-06-01,6.928
2017-07-01,6.854
2017-08-01,6.799
2017-09-01,6.831
2017-10-01,6.877
2017-11-01,7.061
2017-12-01,7.1
2018-01-01,6.868
2018-02-01,6.766
2018-03-01,6.562
2018-04-01,6.664
2018-05-01,6.745
2018-06-01,6.694
2018-07-01,6.703
2018-08-01,6.74
2018-09-01,6.785
2018-10-01,6.989
2018-11-01,6.626
2018-12-01,6.623
2019-01-01,6.841
2019-02-01,6.785
2019-03-01,7.047
2019-04-01,6.725
2019-05-01,6.854
2019-06-01,6.761
2019-07-01,6.832
2019-08-01,6.678
2019-09-01,6.856
2019-10-01,6.873
2019-11-01,6.658
2019-12-01,6.84
2020-01-01,7.082
2020-02-01,7.27
2020-03-01,7.094
2020-04-01,6.937
2020-05-01,6.977
2020-06-01,6.754
2020-07-01,6.866
2020-08-01,6.749
2020-09-01,6.798
2020-10-01,6.692
2020-11-01,6.916
2020-12-01,6.734
2021-01-01,6.703
2021-02-01,6.606
2021-03-01,6.866
2021-04-01,6.971
2021-05-01,6.899
2021-06-01,6.764
2021-07-01,6.666
2021-08-01,6.83
2021-09-01,6.668
2021-10-01,6.83
2021-11-01,6.965
2021-12-01,6.725
2022-01-01,6.905
2022-02-01,7.229
2022-03-01,6.825
2022-04-01,6.83
2022-05-01,6.85
2022-06-01,6.91
2022-07-01,6.859
2022-08-01,6.733
2022-09-01,6.588
2022-10-01,6.808
2022-11-01,6.786
2022-12-01,6.585